name,type,direction,description
smi_00,string,,Generated molecule index 0 using FASMIFRA
smi_01,string,,Generated molecule index 1 using FASMIFRA
smi_02,string,,Generated molecule index 2 using FASMIFRA
smi_03,string,,Generated molecule index 3 using FASMIFRA
smi_04,string,,Generated molecule index 4 using FASMIFRA
smi_05,string,,Generated molecule index 5 using FASMIFRA
smi_06,string,,Generated molecule index 6 using FASMIFRA
smi_07,string,,Generated molecule index 7 using FASMIFRA
smi_08,string,,Generated molecule index 8 using FASMIFRA
smi_09,string,,Generated molecule index 9 using FASMIFRA
smi_10,string,,Generated molecule index 10 using FASMIFRA
smi_11,string,,Generated molecule index 11 using FASMIFRA
smi_12,string,,Generated molecule index 12 using FASMIFRA
smi_13,string,,Generated molecule index 13 using FASMIFRA
smi_14,string,,Generated molecule index 14 using FASMIFRA
smi_15,string,,Generated molecule index 15 using FASMIFRA
smi_16,string,,Generated molecule index 16 using FASMIFRA
smi_17,string,,Generated molecule index 17 using FASMIFRA
smi_18,string,,Generated molecule index 18 using FASMIFRA
smi_19,string,,Generated molecule index 19 using FASMIFRA
smi_20,string,,Generated molecule index 20 using FASMIFRA
smi_21,string,,Generated molecule index 21 using FASMIFRA
smi_22,string,,Generated molecule index 22 using FASMIFRA
smi_23,string,,Generated molecule index 23 using FASMIFRA
smi_24,string,,Generated molecule index 24 using FASMIFRA
smi_25,string,,Generated molecule index 25 using FASMIFRA
smi_26,string,,Generated molecule index 26 using FASMIFRA
smi_27,string,,Generated molecule index 27 using FASMIFRA
smi_28,string,,Generated molecule index 28 using FASMIFRA
smi_29,string,,Generated molecule index 29 using FASMIFRA
smi_30,string,,Generated molecule index 30 using FASMIFRA
smi_31,string,,Generated molecule index 31 using FASMIFRA
smi_32,string,,Generated molecule index 32 using FASMIFRA
smi_33,string,,Generated molecule index 33 using FASMIFRA
smi_34,string,,Generated molecule index 34 using FASMIFRA
smi_35,string,,Generated molecule index 35 using FASMIFRA
smi_36,string,,Generated molecule index 36 using FASMIFRA
smi_37,string,,Generated molecule index 37 using FASMIFRA
smi_38,string,,Generated molecule index 38 using FASMIFRA
smi_39,string,,Generated molecule index 39 using FASMIFRA
smi_40,string,,Generated molecule index 40 using FASMIFRA
smi_41,string,,Generated molecule index 41 using FASMIFRA
smi_42,string,,Generated molecule index 42 using FASMIFRA
smi_43,string,,Generated molecule index 43 using FASMIFRA
smi_44,string,,Generated molecule index 44 using FASMIFRA
smi_45,string,,Generated molecule index 45 using FASMIFRA
smi_46,string,,Generated molecule index 46 using FASMIFRA
smi_47,string,,Generated molecule index 47 using FASMIFRA
smi_48,string,,Generated molecule index 48 using FASMIFRA
smi_49,string,,Generated molecule index 49 using FASMIFRA
smi_50,string,,Generated molecule index 50 using FASMIFRA
smi_51,string,,Generated molecule index 51 using FASMIFRA
smi_52,string,,Generated molecule index 52 using FASMIFRA
smi_53,string,,Generated molecule index 53 using FASMIFRA
smi_54,string,,Generated molecule index 54 using FASMIFRA
smi_55,string,,Generated molecule index 55 using FASMIFRA
smi_56,string,,Generated molecule index 56 using FASMIFRA
smi_57,string,,Generated molecule index 57 using FASMIFRA
smi_58,string,,Generated molecule index 58 using FASMIFRA
smi_59,string,,Generated molecule index 59 using FASMIFRA
smi_60,string,,Generated molecule index 60 using FASMIFRA
smi_61,string,,Generated molecule index 61 using FASMIFRA
smi_62,string,,Generated molecule index 62 using FASMIFRA
smi_63,string,,Generated molecule index 63 using FASMIFRA
smi_64,string,,Generated molecule index 64 using FASMIFRA
smi_65,string,,Generated molecule index 65 using FASMIFRA
smi_66,string,,Generated molecule index 66 using FASMIFRA
smi_67,string,,Generated molecule index 67 using FASMIFRA
smi_68,string,,Generated molecule index 68 using FASMIFRA
smi_69,string,,Generated molecule index 69 using FASMIFRA
smi_70,string,,Generated molecule index 70 using FASMIFRA
smi_71,string,,Generated molecule index 71 using FASMIFRA
smi_72,string,,Generated molecule index 72 using FASMIFRA
smi_73,string,,Generated molecule index 73 using FASMIFRA
smi_74,string,,Generated molecule index 74 using FASMIFRA
smi_75,string,,Generated molecule index 75 using FASMIFRA
smi_76,string,,Generated molecule index 76 using FASMIFRA
smi_77,string,,Generated molecule index 77 using FASMIFRA
smi_78,string,,Generated molecule index 78 using FASMIFRA
smi_79,string,,Generated molecule index 79 using FASMIFRA
smi_80,string,,Generated molecule index 80 using FASMIFRA
smi_81,string,,Generated molecule index 81 using FASMIFRA
smi_82,string,,Generated molecule index 82 using FASMIFRA
smi_83,string,,Generated molecule index 83 using FASMIFRA
smi_84,string,,Generated molecule index 84 using FASMIFRA
smi_85,string,,Generated molecule index 85 using FASMIFRA
smi_86,string,,Generated molecule index 86 using FASMIFRA
smi_87,string,,Generated molecule index 87 using FASMIFRA
smi_88,string,,Generated molecule index 88 using FASMIFRA
smi_89,string,,Generated molecule index 89 using FASMIFRA
smi_90,string,,Generated molecule index 90 using FASMIFRA
smi_91,string,,Generated molecule index 91 using FASMIFRA
smi_92,string,,Generated molecule index 92 using FASMIFRA
smi_93,string,,Generated molecule index 93 using FASMIFRA
smi_94,string,,Generated molecule index 94 using FASMIFRA
smi_95,string,,Generated molecule index 95 using FASMIFRA
smi_96,string,,Generated molecule index 96 using FASMIFRA
smi_97,string,,Generated molecule index 97 using FASMIFRA
smi_98,string,,Generated molecule index 98 using FASMIFRA
smi_99,string,,Generated molecule index 99 using FASMIFRA
